{"code":"5143","text":"元","glyphs":[{"tags":["楷"],"strokes":[{"dots":[179.8,113.05000000000001,222.55,119.69999999999999,271.95,109.25,326.1,81.70000000000002],"splines":["M 179.8 113.05000000000001 C 193.56 116.41 207.33 119.76 222.55 119.69999999999999","M 222.55 119.69999999999999 C 237.77 119.64 254.45 116.15 271.95 109.25","M 271.95 109.25 C 289.45 102.35 307.78 92.02 326.1 81.70000000000002"]},{"dots":[110.45000000000002,244.15,173.15,222.3,299.5,189.05,357.45,184.3],"splines":["M 110.45000000000002 244.15 C 124.17 238.51 137.89 232.88 173.15 222.3","M 173.15 222.3 C 208.41 211.72 265.19 196.21 299.5 189.05","M 299.5 189.05 C 333.81 181.89 345.63 183.10 357.45 184.3"]},{"dots":[247.25,225.15,228.25,260.3,139.9,363.85,66.75,422.75],"splines":["M 247.25 225.15 C 247.42 229.79 247.59 234.44 228.25 260.3","M 228.25 260.3 C 208.91 286.16 170.07 333.24 139.9 363.85","M 139.9 363.85 C 109.73 394.46 88.24 408.61 66.75 422.75"]},{"dots":[273.85,275.5,271,306.85,268.15,367.65,278.6,413.25,305.2,430.35,362.2,437.95,419.2,432.25,458.15,422.75,461.95,398.04999999999995,458.15,361],"splines":["M 273.85 275.5 C 273.17 283.13 272.48 290.76 271 306.85","M 271 306.85 C 269.52 322.94 267.24 347.50 268.15 367.65","M 268.15 367.65 C 269.06 387.80 273.16 403.54 278.6 413.25","M 278.6 413.25 C 284.04 422.96 290.81 426.65 305.2 430.35","M 305.2 430.35 C 319.59 434.05 341.58 437.76 362.2 437.95","M 362.2 437.95 C 382.82 438.14 402.05 434.80 419.2 432.25","M 419.2 432.25 C 436.35 429.70 451.40 427.95 458.15 422.75","M 458.15 422.75 C 464.90 417.55 463.33 408.92 461.95 398.04999999999995","M 461.95 398.04999999999995 C 460.57 387.18 459.36 374.09 458.15 361"]}]}]}