{"code":"5929","text":"天","glyphs":[{"tags":["楷"],"strokes":[{"dots":[163.85000000000002,117.775,197.024,126.99000000000001,247.7065,125.14699999999999,302.075,105.79550000000003,330.6415,86.44400000000002],"splines":["M 163.85000000000002 117.775 C 173.59 121.42 183.32 125.06 197.024 126.99000000000001","M 197.024 126.99000000000001 C 210.73 128.92 228.39 129.14 247.7065 125.14699999999999","M 247.7065 125.14699999999999 C 267.02 121.15 287.98 112.95 302.075 105.79550000000003","M 302.075 105.79550000000003 C 316.17 98.64 323.41 92.54 330.6415 86.44400000000002"]},{"dots":[97.50200000000001,288.2525,157.39950000000002,268.901,275.3515,226.512,332.48449999999997,212.6895,360.1295,214.5325],"splines":["M 97.50200000000001 288.2525 C 111.01 284.45 124.52 280.64 157.39950000000002 268.901","M 157.39950000000002 268.901 C 190.28 257.16 242.52 237.49 275.3515 226.512","M 275.3515 226.512 C 308.18 215.53 321.59 213.24 332.48449999999997 212.6895","M 332.48449999999997 212.6895 C 343.38 212.14 351.75 213.34 360.1295 214.5325"]},{"dots":[239.41299999999998,156.478,237.57,220.983,224.669,278.116,192.41649999999998,347.22849999999994,153.7135,391.4605,119.618,416.341,70.77850000000001,432.928],"splines":["M 239.41299999999998 156.478 C 239.38 179.05 239.34 201.63 237.57 220.983","M 237.57 220.983 C 235.80 240.33 232.28 256.46 224.669 278.116","M 224.669 278.116 C 217.06 299.77 205.35 326.96 192.41649999999998 347.22849999999994","M 192.41649999999998 347.22849999999994 C 179.48 367.50 165.33 380.86 153.7135 391.4605","M 153.7135 391.4605 C 142.10 402.06 133.02 409.89 119.618 416.341","M 119.618 416.341 C 106.22 422.79 88.50 427.86 70.77850000000001 432.928"]},{"dots":[234.8055,242.17749999999998,262.45050000000003,279.0375,310.15,329.15,351.836,373.03049999999996,388.696,405.283,413.5765,425.55600000000004,445.82899999999995,434.77099999999996],"splines":["M 234.8055 242.17749999999998 C 242.09 253.19 249.38 264.20 262.45050000000003 279.0375","M 262.45050000000003 279.0375 C 275.52 293.87 294.38 312.53 310.15 329.15","M 310.15 329.15 C 325.92 345.77 338.62 360.36 351.836 373.03049999999996","M 351.836 373.03049999999996 C 365.05 385.70 378.79 396.47 388.696 405.283","M 388.696 405.283 C 398.61 414.10 404.69 420.97 413.5765 425.55600000000004","M 413.5765 425.55600000000004 C 422.46 430.15 434.15 432.46 445.82899999999995 434.77099999999996"]}]}]}