{"code":"5929","text":"天","glyphs":[{"tags":["楷"],"strokes":[{"dots":[159,110.5,193.92000000000002,120.20000000000002,247.27,118.25999999999999,304.5,97.89000000000001,334.57,77.52000000000001],"splines":["M 159 110.5 C 169.25 114.33 179.50 118.17 193.92000000000002 120.20000000000002","M 193.92000000000002 120.20000000000002 C 208.34 122.23 226.94 122.46 247.27 118.25999999999999","M 247.27 118.25999999999999 C 267.60 114.06 289.66 105.42 304.5 97.89000000000001","M 304.5 97.89000000000001 C 319.34 90.36 326.95 83.94 334.57 77.52000000000001"]},{"dots":[89.16,289.95,152.21,269.58,276.37,224.96,336.51,210.41,365.61,212.35],"splines":["M 89.16 289.95 C 103.38 285.94 117.60 281.94 152.21 269.58","M 152.21 269.58 C 186.82 257.22 241.81 236.52 276.37 224.96","M 276.37 224.96 C 310.93 213.40 325.04 210.99 336.51 210.41","M 336.51 210.41 C 347.98 209.83 356.79 211.09 365.61 212.35"]},{"dots":[238.54,151.24,236.6,219.14,223.02,279.28,189.07,352.03,148.32999999999998,398.59000000000003,112.44,424.78,61.03,442.24],"splines":["M 238.54 151.24 C 238.50 175.00 238.47 198.77 236.6 219.14","M 236.6 219.14 C 234.73 239.51 231.03 256.49 223.02 279.28","M 223.02 279.28 C 215.01 302.07 202.68 330.69 189.07 352.03","M 189.07 352.03 C 175.46 373.37 160.56 387.44 148.32999999999998 398.59000000000003","M 148.32999999999998 398.59000000000003 C 136.10 409.75 126.54 417.99 112.44 424.78","M 112.44 424.78 C 98.34 431.57 79.68 436.90 61.03 442.24"]},{"dots":[233.69,241.45,262.79,280.25,313,333,356.88,379.19,395.68,413.14,421.87,434.48,455.82,444.18],"splines":["M 233.69 241.45 C 241.36 253.04 249.03 264.63 262.79 280.25","M 262.79 280.25 C 276.55 295.87 296.39 315.50 313 333","M 313 333 C 329.61 350.50 342.97 365.85 356.88 379.19","M 356.88 379.19 C 370.79 392.53 385.25 403.86 395.68 413.14","M 395.68 413.14 C 406.11 422.42 412.52 429.65 421.87 434.48","M 421.87 434.48 C 431.22 439.31 443.52 441.75 455.82 444.18"]}]}]}