{"code":"592A","text":"太","glyphs":[{"tags":["楷"],"strokes":[{"dots":[123,222.75,152.45,233.2,234.15,210.4,294.95,191.4,347.2,188.55],"splines":["M 123 222.75 C 127.70 229.20 132.41 235.64 152.45 233.2","M 152.45 233.2 C 172.49 230.76 207.87 219.42 234.15 210.4","M 234.15 210.4 C 260.43 201.38 277.62 194.66 294.95 191.4","M 294.95 191.4 C 312.28 188.14 329.74 188.35 347.2 188.55"]},{"dots":[234.15,66,250.3,86.9,249.35,119.20000000000002,243.65,182.85000000000002,234.15,244.6,206.6,311.1,158.15,374.75,103.05000000000001,412.75,69.80000000000001,420.35],"splines":["M 234.15 66 C 240.95 72.72 247.75 79.44 250.3 86.9","M 250.3 86.9 C 252.85 94.36 251.16 102.57 249.35 119.20000000000002","M 249.35 119.20000000000002 C 247.54 135.83 245.61 160.87 243.65 182.85000000000002","M 243.65 182.85000000000002 C 241.69 204.83 239.70 223.74 234.15 244.6","M 234.15 244.6 C 228.60 265.46 219.49 288.28 206.6 311.1","M 206.6 311.1 C 193.71 333.92 177.04 356.74 158.15 374.75","M 158.15 374.75 C 139.26 392.76 118.15 405.95 103.05000000000001 412.75","M 103.05000000000001 412.75 C 87.95 419.55 78.88 419.95 69.80000000000001 420.35"]},{"dots":[241.75,228.45,264.55,260.75,313.95,320.6,364.3,379.5,385.2,401.35,421.29999999999995,417.5,454.54999999999995,436.5],"splines":["M 241.75 228.45 C 247.21 236.96 252.68 245.47 264.55 260.75","M 264.55 260.75 C 276.42 276.03 294.71 298.08 313.95 320.6","M 313.95 320.6 C 333.19 343.12 353.39 366.11 364.3 379.5","M 364.3 379.5 C 375.21 392.89 376.85 396.70 385.2 401.35","M 385.2 401.35 C 393.55 406.00 408.62 411.50 421.29999999999995 417.5","M 421.29999999999995 417.5 C 433.98 423.50 444.26 430.00 454.54999999999995 436.5"]},{"dots":[210.4,356.7,239.85,386.15,256.95,416.54999999999995],"splines":["M 210.4 356.7 C 221.25 366.44 232.09 376.17 239.85 386.15","M 239.85 386.15 C 247.61 396.13 252.28 406.34 256.95 416.54999999999995"]}]}]}