{"code":"4E0D","text":"不","glyphs":[{"tags":["楷"],"strokes":[{"dots":[72.54400000000001,175.09120000000001,146.86719999999997,151.5712,271.0528,131.8144,369.8368,122.40640000000002,429.1072,121.4656],"splines":["M 72.54400000000001 175.09120000000001 C 92.50 167.11 112.45 159.13 146.86719999999997 151.5712","M 146.86719999999997 151.5712 C 181.28 144.01 230.17 136.87 271.0528 131.8144","M 271.0528 131.8144 C 311.94 126.76 344.83 123.78 369.8368 122.40640000000002","M 369.8368 122.40640000000002 C 394.85 121.03 411.98 121.25 429.1072 121.4656"]},{"dots":[288.928,160.97920000000002,294.57280000000003,173.20960000000002,256.94079999999997,219.30880000000002,192.96640000000002,288.928,119.584,341.6128,60.31360000000001,377.3632],"splines":["M 288.928 160.97920000000002 C 294.13 162.67 299.33 164.37 294.57280000000003 173.20960000000002","M 294.57280000000003 173.20960000000002 C 289.82 182.05 275.11 198.03 256.94079999999997 219.30880000000002","M 256.94079999999997 219.30880000000002 C 238.77 240.59 217.13 267.16 192.96640000000002 288.928","M 192.96640000000002 288.928 C 168.80 310.70 142.11 327.67 119.584 341.6128","M 119.584 341.6128 C 97.05 355.55 78.68 366.46 60.31360000000001 377.3632"]},{"dots":[201.43359999999998,208.01919999999998,234.3616,228.7168,250.3552,245.6512,256,286.10560000000004,256,360.4288,253.1776,426.2848],"splines":["M 201.43359999999998 208.01919999999998 C 213.71 215.59 225.98 223.16 234.3616 228.7168","M 234.3616 228.7168 C 242.74 234.28 247.24 237.83 250.3552 245.6512","M 250.3552 245.6512 C 253.47 253.47 255.21 265.56 256 286.10560000000004","M 256 286.10560000000004 C 256.79 306.65 256.63 335.66 256 360.4288","M 256 360.4288 C 255.37 385.20 254.27 405.74 253.1776 426.2848"]},{"dots":[316.2112,276.6976,371.7184,297.3952,411.23199999999997,316.2112,459.2128,346.31679999999994],"splines":["M 316.2112 276.6976 C 336.32 284.01 356.44 291.33 371.7184 297.3952","M 371.7184 297.3952 C 387.00 303.46 397.45 308.27 411.23199999999997 316.2112","M 411.23199999999997 316.2112 C 425.01 324.16 442.11 335.24 459.2128 346.31679999999994"]}]}]}