{"code":"4EA6","text":"亦","glyphs":[{"tags":["楷"],"strokes":[{"dots":[223.77759125,70.95130975000001,254.15871950000002,82.919633,279.93664649999994,102.25307825000002],"splines":["M 223.77759125 70.95130975000001 C 234.29 74.33 244.80 77.70 254.15871950000002 82.919633","M 254.15871950000002 82.919633 C 263.52 88.14 271.73 95.19 279.93664649999994 102.25307825000002"]},{"dots":[76.47515125000001,196.15838375,129.87228575,188.79326175,188.79326175,171.30109700000003,246.7935975,157.49149325000002,292.82561,149.20573100000001,340.698903,144.60252975,380.28643374999996,145.52317,418.032684,152.88829199999998],"splines":["M 76.47515125000001 196.15838375 C 93.84 194.67 111.21 193.17 129.87228575 188.79326175","M 129.87228575 188.79326175 C 148.54 184.41 168.49 177.15 188.79326175 171.30109700000003","M 188.79326175 171.30109700000003 C 209.09 165.45 229.73 161.02 246.7935975 157.49149325000002","M 246.7935975 157.49149325000002 C 263.85 153.97 277.33 151.36 292.82561 149.20573100000001","M 292.82561 149.20573100000001 C 308.32 147.06 325.82 145.37 340.698903 144.60252975","M 340.698903 144.60252975 C 355.58 143.84 367.83 143.99 380.28643374999996 145.52317","M 380.28643374999996 145.52317 C 392.74 147.06 405.39 149.97 418.032684 152.88829199999998"]},{"dots":[225.61887175,214.57118874999998,219.17439000000002,243.11103649999998,215.491829,273.49216475000003,210.88862774999996,332.41314075,209.04734725000003,379.36579350000005],"splines":["M 225.61887175 214.57118874999998 C 223.19 224.67 220.75 234.77 219.17439000000002 243.11103649999998","M 219.17439000000002 243.11103649999998 C 217.60 251.45 216.87 258.03 215.491829 273.49216475000003","M 215.491829 273.49216475000003 C 214.11 288.95 212.07 313.29 210.88862774999996 332.41314075","M 210.88862774999996 332.41314075 C 209.70 351.54 209.38 365.45 209.04734725000003 379.36579350000005"]},{"dots":[293.74625025,181.42813974999999,303.87329299999993,240.34911575,304.79393325,299.27009174999995,302.95265274999997,358.19106775,301.11137225000004,412.5088425,283.6192075,451.1757329999999,236.66655475000002,439.20740974999995],"splines":["M 293.74625025 181.42813974999999 C 297.86 201.09 301.98 220.76 303.87329299999993 240.34911575","M 303.87329299999993 240.34911575 C 305.76 259.94 305.43 279.46 304.79393325 299.27009174999995","M 304.79393325 299.27009174999995 C 304.16 319.08 303.22 339.18 302.95265274999997 358.19106775","M 302.95265274999997 358.19106775 C 302.69 377.20 303.09 395.11 301.11137225000004 412.5088425","M 301.11137225000004 412.5088425 C 299.13 429.91 294.76 446.81 283.6192075 451.1757329999999","M 283.6192075 451.1757329999999 C 272.48 455.54 254.57 447.37 236.66655475000002 439.20740974999995"]},{"dots":[144.60252975,293.74625025,127.110365,315.8416162500001,99.49115750000001,334.25442125],"splines":["M 144.60252975 293.74625025 C 139.62 301.42 134.63 309.09 127.110365 315.8416162500001","M 127.110365 315.8416162500001 C 119.59 322.59 109.54 328.42 99.49115750000001 334.25442125"]},{"dots":[353.5878664999999,279.93664649999994,383.96899475,299.27009174999995,411.5882022499999,328.73057975000006],"splines":["M 353.5878664999999 279.93664649999994 C 363.95 285.54 374.30 291.14 383.96899475 299.27009174999995","M 383.96899475 299.27009174999995 C 393.64 307.40 402.61 318.07 411.5882022499999 328.73057975000006"]}]}]}