{"code":"76E1","text":"盡","glyphs":[{"tags":["楷"],"strokes":[{"dots":[191.84175,127.172875,229.54725,119.84125,264.110625,105.178,301.816125,98.89375000000001,332.19,104.13062500000001,343.711125,116.69912499999998,314.38462499999997,168.02050000000003,307.053,192.110125],"splines":["M 191.84175 127.172875 C 204.80 125.50 217.76 123.83 229.54725 119.84125","M 229.54725 119.84125 C 241.33 115.85 251.94 109.54 264.110625 105.178","M 264.110625 105.178 C 276.28 100.81 290.01 98.40 301.816125 98.89375000000001","M 301.816125 98.89375000000001 C 313.63 99.39 323.52 102.79 332.19 104.13062500000001","M 332.19 104.13062500000001 C 340.86 105.47 348.30 104.73 343.711125 116.69912499999998","M 343.711125 116.69912499999998 C 339.12 128.67 322.50 153.34 314.38462499999997 168.02050000000003","M 314.38462499999997 168.02050000000003 C 306.27 182.71 306.66 187.41 307.053 192.110125"]},{"dots":[75.58312500000002,213.05762499999997,143.66250000000002,190.015375,205.45762499999998,171.162625,286.1055,156.499375,346.85325,151.2625,392.93774999999994,149.16774999999996,428.5485,152.30987500000003],"splines":["M 75.58312500000002 213.05762499999997 C 99.40 205.05 123.21 197.03 143.66250000000002 190.015375","M 143.66250000000002 190.015375 C 164.12 183.00 181.21 176.97 205.45762499999998 171.162625","M 205.45762499999998 171.162625 C 229.70 165.35 261.10 159.76 286.1055 156.499375","M 286.1055 156.499375 C 311.11 153.24 329.74 152.32 346.85325 151.2625","M 346.85325 151.2625 C 363.97 150.21 379.57 149.02 392.93774999999994 149.16774999999996","M 392.93774999999994 149.16774999999996 C 406.30 149.32 417.43 150.81 428.5485 152.30987500000003"]},{"dots":[169.846875,241.33675,197.07862500000002,238.194625,231.642,221.436625,275.63175,210.962875,304.95824999999996,207.82074999999998,331.14262499999995,209.9155],"splines":["M 169.846875 241.33675 C 178.58 241.62 187.32 241.90 197.07862500000002 238.194625","M 197.07862500000002 238.194625 C 206.84 234.49 217.62 226.80 231.642 221.436625","M 231.642 221.436625 C 245.67 216.07 262.93 213.02 275.63175 210.962875","M 275.63175 210.962875 C 288.33 208.90 296.47 207.83 304.95824999999996 207.82074999999998","M 304.95824999999996 207.82074999999998 C 313.45 207.81 322.30 208.86 331.14262499999995 209.9155"]},{"dots":[152.04149999999998,299.98975,215.931375,279.04224999999997,256.779,265.426375,296.57925,258.09475000000003,341.616375,257.04737500000005],"splines":["M 152.04149999999998 299.98975 C 175.34 292.46 198.64 284.94 215.931375 279.04224999999997","M 215.931375 279.04224999999997 C 233.23 273.14 244.52 268.87 256.779 265.426375","M 256.779 265.426375 C 269.04 261.98 282.28 259.35 296.57925 258.09475000000003","M 296.57925 258.09475000000003 C 310.88 256.84 326.25 256.94 341.616375 257.04737500000005"]},{"dots":[247.352625,46.525000000000006,265.158,63.28299999999999,263.6,135.35000000000002,260.9685,204.678625,258.87375,285.3265,259.8,323.45,255.05,354.8],"splines":["M 247.352625 46.525000000000006 C 255.00 46.96 262.64 47.40 265.158 63.28299999999999","M 265.158 63.28299999999999 C 267.68 79.16 265.07 110.49 263.6 135.35000000000002","M 263.6 135.35000000000002 C 262.13 160.21 261.79 178.60 260.9685 204.678625","M 260.9685 204.678625 C 260.15 230.75 258.86 264.51 258.87375 285.3265","M 258.87375 285.3265 C 258.89 306.14 260.22 314.03 259.8 323.45","M 259.8 323.45 C 259.38 332.87 257.22 343.84 255.05 354.8"]},{"dots":[126.90449999999998,334.553125,128.99925000000002,367.02175,147.85199999999998,347.121625],"splines":["M 126.90449999999998 334.553125 C 126.21 349.74 125.51 364.93 128.99925000000002 367.02175","M 128.99925000000002 367.02175 C 132.49 369.12 140.17 358.12 147.85199999999998 347.121625"]},{"dots":[187.65225,323.032,200.22074999999998,334.553125,210.6945,325.12675],"splines":["M 187.65225 323.032 C 192.02 328.62 196.38 334.20 200.22074999999998 334.553125","M 200.22074999999998 334.553125 C 204.06 334.90 207.38 330.01 210.6945 325.12675"]},{"dots":[282.963375,309.416125,293.437125,314.653,301.816125,304.17925],"splines":["M 282.963375 309.416125 C 286.63 312.47 290.30 315.53 293.437125 314.653","M 293.437125 314.653 C 296.58 313.78 299.20 308.98 301.816125 304.17925"]},{"dots":[342.66375000000005,299.98975,364.658625,306.27399999999994,376.17975,318.8425],"splines":["M 342.66375000000005 299.98975 C 350.87 301.56 359.07 303.13 364.658625 306.27399999999994","M 364.658625 306.27399999999994 C 370.24 309.42 373.21 314.13 376.17975 318.8425"]},{"dots":[160.4205,387.96925,165.657375,421.48524999999995,171.941625,441.38537500000007],"splines":["M 160.4205 387.96925 C 162.08 400.28 163.74 412.58 165.657375 421.48524999999995","M 165.657375 421.48524999999995 C 167.58 430.39 169.76 435.89 171.941625 441.38537500000007"]},{"dots":[192.889125,385.8745,225.35775,374.35337499999997,264.110625,362.83225000000004,315.432,354.45324999999997,354.18487500000003,373.30600000000004,345.80587499999996,399.490375,319.62149999999997,446.62225],"splines":["M 192.889125 385.8745 C 203.46 381.94 214.03 378.00 225.35775 374.35337499999997","M 225.35775 374.35337499999997 C 236.69 370.70 248.77 367.34 264.110625 362.83225000000004","M 264.110625 362.83225000000004 C 279.45 358.32 298.03 352.66 315.432 354.45324999999997","M 315.432 354.45324999999997 C 332.83 356.25 349.04 365.49 354.18487500000003 373.30600000000004","M 354.18487500000003 373.30600000000004 C 359.33 381.12 353.41 387.51 345.80587499999996 399.490375","M 345.80587499999996 399.490375 C 338.20 411.47 328.91 429.05 319.62149999999997 446.62225"]},{"dots":[223.26300000000003,381.685,227.4525,409.96412499999997,230.594625,425.67475],"splines":["M 223.26300000000003 381.685 C 224.75 392.16 226.23 402.63 227.4525 409.96412499999997","M 227.4525 409.96412499999997 C 228.67 417.30 229.63 421.49 230.594625 425.67475"]},{"dots":[288.20025,363.87962500000003,280.868625,396.34825,268.300125,428.816875,259.921125,437.19587499999994],"splines":["M 288.20025 363.87962500000003 C 286.31 374.17 284.43 384.45 280.868625 396.34825","M 280.868625 396.34825 C 277.31 408.24 272.07 421.74 268.300125 428.816875","M 268.300125 428.816875 C 264.53 435.89 262.23 436.54 259.921125 437.19587499999994"]},{"dots":[107.00437500000001,475.94874999999996,141.56774999999996,462.33287499999994,175.08375,456.048625,259.921125,443.48012500000004,339.52162500000003,437.19587499999994,401.31675,447.669625],"splines":["M 107.00437500000001 475.94874999999996 C 119.85 470.59 132.70 465.23 141.56774999999996 462.33287499999994","M 141.56774999999996 462.33287499999994 C 150.44 459.43 155.33 458.99 175.08375 456.048625","M 175.08375 456.048625 C 194.84 453.11 229.47 447.68 259.921125 443.48012500000004","M 259.921125 443.48012500000004 C 290.37 439.28 316.65 436.29 339.52162500000003 437.19587499999994","M 339.52162500000003 437.19587499999994 C 362.39 438.10 381.85 442.88 401.31675 447.669625"]}]}]}